<SearchConfigurationSettings xmlns:i="http://www.w3.org/2001/XMLSchema-instance" xmlns="http://schemas.datacontract.org/2004/07/Microsoft.Office.Server.Search.Portability"><SearchQueryConfigurationSettings><SearchQueryConfigurationSettings><BestBets xmlns:d4p1="http://www.microsoft.com/sharepoint/search/KnownTypes/2008/08" /><DefaultSourceId>00000000-0000-0000-0000-000000000000</DefaultSourceId><DefaultSourceIdSet>true</DefaultSourceIdSet><DeployToParent>false</DeployToParent><DisableInheritanceOnImport>false</DisableInheritanceOnImport><QueryRuleGroups xmlns:d4p1="http://www.microsoft.com/sharepoint/search/KnownTypes/2008/08" /><QueryRules xmlns:d4p1="http://www.microsoft.com/sharepoint/search/KnownTypes/2008/08" /><ResultTypes xmlns:d4p1="http://schemas.datacontract.org/2004/07/Microsoft.Office.Server.Search.Administration" /><Sources xmlns:d4p1="http://schemas.datacontract.org/2004/07/Microsoft.Office.Server.Search.Administration.Query" /><UserSegments xmlns:d4p1="http://www.microsoft.com/sharepoint/search/KnownTypes/2008/08" /></SearchQueryConfigurationSettings></SearchQueryConfigurationSettings><SearchRankingModelConfigurationSettings><RankingModels xmlns:d3p1="http://schemas.microsoft.com/2003/10/Serialization/Arrays" /></SearchRankingModelConfigurationSettings><SearchSchemaConfigurationSettings><Aliases xmlns:d3p1="http://schemas.datacontract.org/2004/07/Microsoft.Office.Server.Search.Administration"><d3p1:LastItemName>GtStatusTime</d3p1:LastItemName><d3p1:dictionary xmlns:d4p1="http://schemas.microsoft.com/2003/10/Serialization/Arrays"><d4p1:KeyValueOfstringAliasInfoy6h3NzC8><d4p1:Key>GtProjectOwner</d4p1:Key><d4p1:Value><d3p1:Name>GtProjectOwner</d3p1:Name><d3p1:ManagedPid>1000000050</d3p1:ManagedPid><d3p1:SchemaId>1419</d3p1:SchemaId></d4p1:Value></d4p1:KeyValueOfstringAliasInfoy6h3NzC8><d4p1:KeyValueOfstringAliasInfoy6h3NzC8><d4p1:Key>GtProjectManager</d4p1:Key><d4p1:Value><d3p1:Name>GtProjectManager</d3p1:Name><d3p1:ManagedPid>1000000051</d3p1:ManagedPid><d3p1:SchemaId>1419</d3p1:SchemaId></d4p1:Value></d4p1:KeyValueOfstringAliasInfoy6h3NzC8><d4p1:KeyValueOfstringAliasInfoy6h3NzC8><d4p1:Key>GtProjectPhase</d4p1:Key><d4p1:Value><d3p1:Name>GtProjectPhase</d3p1:Name><d3p1:ManagedPid>1000000052</d3p1:ManagedPid><d3p1:SchemaId>1419</d3p1:SchemaId></d4p1:Value></d4p1:KeyValueOfstringAliasInfoy6h3NzC8><d4p1:KeyValueOfstringAliasInfoy6h3NzC8><d4p1:Key>GtProjectServiceArea</d4p1:Key><d4p1:Value><d3p1:Name>GtProjectServiceArea</d3p1:Name><d3p1:ManagedPid>1000000053</d3p1:ManagedPid><d3p1:SchemaId>1419</d3p1:SchemaId></d4p1:Value></d4p1:KeyValueOfstringAliasInfoy6h3NzC8><d4p1:KeyValueOfstringAliasInfoy6h3NzC8><d4p1:Key>GtProjectType</d4p1:Key><d4p1:Value><d3p1:Name>GtProjectType</d3p1:Name><d3p1:ManagedPid>1000000054</d3p1:ManagedPid><d3p1:SchemaId>1419</d3p1:SchemaId></d4p1:Value></d4p1:KeyValueOfstringAliasInfoy6h3NzC8><d4p1:KeyValueOfstringAliasInfoy6h3NzC8><d4p1:Key>GtStatusBudget</d4p1:Key><d4p1:Value><d3p1:Name>GtStatusBudget</d3p1:Name><d3p1:ManagedPid>1000000055</d3p1:ManagedPid><d3p1:SchemaId>1419</d3p1:SchemaId></d4p1:Value></d4p1:KeyValueOfstringAliasInfoy6h3NzC8><d4p1:KeyValueOfstringAliasInfoy6h3NzC8><d4p1:Key>GtStatusRisk</d4p1:Key><d4p1:Value><d3p1:Name>GtStatusRisk</d3p1:Name><d3p1:ManagedPid>1000000056</d3p1:ManagedPid><d3p1:SchemaId>1419</d3p1:SchemaId></d4p1:Value></d4p1:KeyValueOfstringAliasInfoy6h3NzC8><d4p1:KeyValueOfstringAliasInfoy6h3NzC8><d4p1:Key>GtStatusTime</d4p1:Key><d4p1:Value><d3p1:Name>GtStatusTime</d3p1:Name><d3p1:ManagedPid>1000000057</d3p1:ManagedPid><d3p1:SchemaId>1419</d3p1:SchemaId></d4p1:Value></d4p1:KeyValueOfstringAliasInfoy6h3NzC8></d3p1:dictionary></Aliases><CategoriesAndCrawledProperties xmlns:d3p1="http://schemas.microsoft.com/2003/10/Serialization/Arrays"><d3p1:KeyValueOfguidCrawledPropertyInfoCollectionaSYUqUE_P><d3p1:Key>00130329-0000-0130-c000-000000131346</d3p1:Key><d3p1:Value xmlns:d5p1="http://schemas.datacontract.org/2004/07/Microsoft.Office.Server.Search.Administration"><d5p1:LastItemName>ows_GtStatusTime</d5p1:LastItemName><d5p1:dictionary><d3p1:KeyValueOfstringCrawledPropertyInfoy6h3NzC8><d3p1:Key>ows_GtGainLookup_ID</d3p1:Key><d3p1:Value><d5p1:Name>ows_GtGainLookup_ID</d5p1:Name><d5p1:CategoryName>SharePoint</d5p1:CategoryName><d5p1:IsImplicit>false</d5p1:IsImplicit><d5p1:IsMappedToContents>true</d5p1:IsMappedToContents><d5p1:IsNameEnum>false</d5p1:IsNameEnum><d5p1:MappedManagedProperties /><d5p1:Propset>00130329-0000-0130-c000-000000131346</d5p1:Propset><d5p1:Samples /><d5p1:SchemaId>1419</d5p1:SchemaId></d3p1:Value></d3p1:KeyValueOfstringCrawledPropertyInfoy6h3NzC8><d3p1:KeyValueOfstringCrawledPropertyInfoy6h3NzC8><d3p1:Key>ows_GtProjectManager</d3p1:Key><d3p1:Value><d5p1:Name>ows_GtProjectManager</d5p1:Name><d5p1:CategoryName>SharePoint</d5p1:CategoryName><d5p1:IsImplicit>false</d5p1:IsImplicit><d5p1:IsMappedToContents>true</d5p1:IsMappedToContents><d5p1:IsNameEnum>false</d5p1:IsNameEnum><d5p1:MappedManagedProperties /><d5p1:Propset>00130329-0000-0130-c000-000000131346</d5p1:Propset><d5p1:Samples /><d5p1:SchemaId>1419</d5p1:SchemaId></d3p1:Value></d3p1:KeyValueOfstringCrawledPropertyInfoy6h3NzC8><d3p1:KeyValueOfstringCrawledPropertyInfoy6h3NzC8><d3p1:Key>ows_GtProjectOwner</d3p1:Key><d3p1:Value><d5p1:Name>ows_GtProjectOwner</d5p1:Name><d5p1:CategoryName>SharePoint</d5p1:CategoryName><d5p1:IsImplicit>false</d5p1:IsImplicit><d5p1:IsMappedToContents>true</d5p1:IsMappedToContents><d5p1:IsNameEnum>false</d5p1:IsNameEnum><d5p1:MappedManagedProperties /><d5p1:Propset>00130329-0000-0130-c000-000000131346</d5p1:Propset><d5p1:Samples /><d5p1:SchemaId>1419</d5p1:SchemaId></d3p1:Value></d3p1:KeyValueOfstringCrawledPropertyInfoy6h3NzC8><d3p1:KeyValueOfstringCrawledPropertyInfoy6h3NzC8><d3p1:Key>ows_GtProjectPhase</d3p1:Key><d3p1:Value><d5p1:Name>ows_GtProjectPhase</d5p1:Name><d5p1:CategoryName>SharePoint</d5p1:CategoryName><d5p1:IsImplicit>false</d5p1:IsImplicit><d5p1:IsMappedToContents>true</d5p1:IsMappedToContents><d5p1:IsNameEnum>false</d5p1:IsNameEnum><d5p1:MappedManagedProperties /><d5p1:Propset>00130329-0000-0130-c000-000000131346</d5p1:Propset><d5p1:Samples /><d5p1:SchemaId>1419</d5p1:SchemaId></d3p1:Value></d3p1:KeyValueOfstringCrawledPropertyInfoy6h3NzC8><d3p1:KeyValueOfstringCrawledPropertyInfoy6h3NzC8><d3p1:Key>ows_GtProjectServiceArea</d3p1:Key><d3p1:Value><d5p1:Name>ows_GtProjectServiceArea</d5p1:Name><d5p1:CategoryName>SharePoint</d5p1:CategoryName><d5p1:IsImplicit>false</d5p1:IsImplicit><d5p1:IsMappedToContents>true</d5p1:IsMappedToContents><d5p1:IsNameEnum>false</d5p1:IsNameEnum><d5p1:MappedManagedProperties /><d5p1:Propset>00130329-0000-0130-c000-000000131346</d5p1:Propset><d5p1:Samples /><d5p1:SchemaId>1419</d5p1:SchemaId></d3p1:Value></d3p1:KeyValueOfstringCrawledPropertyInfoy6h3NzC8><d3p1:KeyValueOfstringCrawledPropertyInfoy6h3NzC8><d3p1:Key>ows_GtProjectType</d3p1:Key><d3p1:Value><d5p1:Name>ows_GtProjectType</d5p1:Name><d5p1:CategoryName>SharePoint</d5p1:CategoryName><d5p1:IsImplicit>false</d5p1:IsImplicit><d5p1:IsMappedToContents>true</d5p1:IsMappedToContents><d5p1:IsNameEnum>false</d5p1:IsNameEnum><d5p1:MappedManagedProperties /><d5p1:Propset>00130329-0000-0130-c000-000000131346</d5p1:Propset><d5p1:Samples /><d5p1:SchemaId>1419</d5p1:SchemaId></d3p1:Value></d3p1:KeyValueOfstringCrawledPropertyInfoy6h3NzC8><d3p1:KeyValueOfstringCrawledPropertyInfoy6h3NzC8><d3p1:Key>ows_GtStatusBudget</d3p1:Key><d3p1:Value><d5p1:Name>ows_GtStatusBudget</d5p1:Name><d5p1:CategoryName>SharePoint</d5p1:CategoryName><d5p1:IsImplicit>false</d5p1:IsImplicit><d5p1:IsMappedToContents>true</d5p1:IsMappedToContents><d5p1:IsNameEnum>false</d5p1:IsNameEnum><d5p1:MappedManagedProperties /><d5p1:Propset>00130329-0000-0130-c000-000000131346</d5p1:Propset><d5p1:Samples /><d5p1:SchemaId>1419</d5p1:SchemaId></d3p1:Value></d3p1:KeyValueOfstringCrawledPropertyInfoy6h3NzC8><d3p1:KeyValueOfstringCrawledPropertyInfoy6h3NzC8><d3p1:Key>ows_GtStatusRisk</d3p1:Key><d3p1:Value><d5p1:Name>ows_GtStatusRisk</d5p1:Name><d5p1:CategoryName>SharePoint</d5p1:CategoryName><d5p1:IsImplicit>false</d5p1:IsImplicit><d5p1:IsMappedToContents>true</d5p1:IsMappedToContents><d5p1:IsNameEnum>false</d5p1:IsNameEnum><d5p1:MappedManagedProperties /><d5p1:Propset>00130329-0000-0130-c000-000000131346</d5p1:Propset><d5p1:Samples /><d5p1:SchemaId>1419</d5p1:SchemaId></d3p1:Value></d3p1:KeyValueOfstringCrawledPropertyInfoy6h3NzC8><d3p1:KeyValueOfstringCrawledPropertyInfoy6h3NzC8><d3p1:Key>ows_GtStatusTime</d3p1:Key><d3p1:Value><d5p1:Name>ows_GtStatusTime</d5p1:Name><d5p1:CategoryName>SharePoint</d5p1:CategoryName><d5p1:IsImplicit>false</d5p1:IsImplicit><d5p1:IsMappedToContents>true</d5p1:IsMappedToContents><d5p1:IsNameEnum>false</d5p1:IsNameEnum><d5p1:MappedManagedProperties /><d5p1:Propset>00130329-0000-0130-c000-000000131346</d5p1:Propset><d5p1:Samples /><d5p1:SchemaId>1419</d5p1:SchemaId></d3p1:Value></d3p1:KeyValueOfstringCrawledPropertyInfoy6h3NzC8></d5p1:dictionary></d3p1:Value></d3p1:KeyValueOfguidCrawledPropertyInfoCollectionaSYUqUE_P></CategoriesAndCrawledProperties><CrawledProperties xmlns:d3p1="http://schemas.datacontract.org/2004/07/Microsoft.Office.Server.Search.Administration" i:nil="true" /><ManagedProperties xmlns:d3p1="http://schemas.datacontract.org/2004/07/Microsoft.Office.Server.Search.Administration"><d3p1:LastItemName i:nil="true" /><d3p1:dictionary xmlns:d4p1="http://schemas.microsoft.com/2003/10/Serialization/Arrays" /><d3p1:TotalCount>0</d3p1:TotalCount></ManagedProperties><Mappings xmlns:d3p1="http://schemas.datacontract.org/2004/07/Microsoft.Office.Server.Search.Administration"><d3p1:LastItemName>00130329-0000-0130-c000-000000131346:ows_GtGainLookup_ID-&gt;1000000058</d3p1:LastItemName><d3p1:dictionary xmlns:d4p1="http://schemas.microsoft.com/2003/10/Serialization/Arrays"><d4p1:KeyValueOfstringMappingInfoy6h3NzC8><d4p1:Key>00130329-0000-0130-c000-000000131346:ows_GtProjectOwner-&gt;1000000050</d4p1:Key><d4p1:Value><d3p1:Name>00130329-0000-0130-c000-000000131346:ows_GtProjectOwner-&gt;1000000050</d3p1:Name><d3p1:CrawledPropertyName>ows_GtProjectOwner</d3p1:CrawledPropertyName><d3p1:CrawledPropset>00130329-0000-0130-c000-000000131346</d3p1:CrawledPropset><d3p1:ManagedPid>1000000050</d3p1:ManagedPid><d3p1:MappingOrder>100</d3p1:MappingOrder><d3p1:SchemaId>1419</d3p1:SchemaId></d4p1:Value></d4p1:KeyValueOfstringMappingInfoy6h3NzC8><d4p1:KeyValueOfstringMappingInfoy6h3NzC8><d4p1:Key>00130329-0000-0130-c000-000000131346:ows_GtProjectManager-&gt;1000000051</d4p1:Key><d4p1:Value><d3p1:Name>00130329-0000-0130-c000-000000131346:ows_GtProjectManager-&gt;1000000051</d3p1:Name><d3p1:CrawledPropertyName>ows_GtProjectManager</d3p1:CrawledPropertyName><d3p1:CrawledPropset>00130329-0000-0130-c000-000000131346</d3p1:CrawledPropset><d3p1:ManagedPid>1000000051</d3p1:ManagedPid><d3p1:MappingOrder>100</d3p1:MappingOrder><d3p1:SchemaId>1419</d3p1:SchemaId></d4p1:Value></d4p1:KeyValueOfstringMappingInfoy6h3NzC8><d4p1:KeyValueOfstringMappingInfoy6h3NzC8><d4p1:Key>00130329-0000-0130-c000-000000131346:ows_GtProjectPhase-&gt;1000000052</d4p1:Key><d4p1:Value><d3p1:Name>00130329-0000-0130-c000-000000131346:ows_GtProjectPhase-&gt;1000000052</d3p1:Name><d3p1:CrawledPropertyName>ows_GtProjectPhase</d3p1:CrawledPropertyName><d3p1:CrawledPropset>00130329-0000-0130-c000-000000131346</d3p1:CrawledPropset><d3p1:ManagedPid>1000000052</d3p1:ManagedPid><d3p1:MappingOrder>100</d3p1:MappingOrder><d3p1:SchemaId>1419</d3p1:SchemaId></d4p1:Value></d4p1:KeyValueOfstringMappingInfoy6h3NzC8><d4p1:KeyValueOfstringMappingInfoy6h3NzC8><d4p1:Key>00130329-0000-0130-c000-000000131346:ows_GtProjectServiceArea-&gt;1000000053</d4p1:Key><d4p1:Value><d3p1:Name>00130329-0000-0130-c000-000000131346:ows_GtProjectServiceArea-&gt;1000000053</d3p1:Name><d3p1:CrawledPropertyName>ows_GtProjectServiceArea</d3p1:CrawledPropertyName><d3p1:CrawledPropset>00130329-0000-0130-c000-000000131346</d3p1:CrawledPropset><d3p1:ManagedPid>1000000053</d3p1:ManagedPid><d3p1:MappingOrder>100</d3p1:MappingOrder><d3p1:SchemaId>1419</d3p1:SchemaId></d4p1:Value></d4p1:KeyValueOfstringMappingInfoy6h3NzC8><d4p1:KeyValueOfstringMappingInfoy6h3NzC8><d4p1:Key>00130329-0000-0130-c000-000000131346:ows_GtProjectType-&gt;1000000054</d4p1:Key><d4p1:Value><d3p1:Name>00130329-0000-0130-c000-000000131346:ows_GtProjectType-&gt;1000000054</d3p1:Name><d3p1:CrawledPropertyName>ows_GtProjectType</d3p1:CrawledPropertyName><d3p1:CrawledPropset>00130329-0000-0130-c000-000000131346</d3p1:CrawledPropset><d3p1:ManagedPid>1000000054</d3p1:ManagedPid><d3p1:MappingOrder>100</d3p1:MappingOrder><d3p1:SchemaId>1419</d3p1:SchemaId></d4p1:Value></d4p1:KeyValueOfstringMappingInfoy6h3NzC8><d4p1:KeyValueOfstringMappingInfoy6h3NzC8><d4p1:Key>00130329-0000-0130-c000-000000131346:ows_GtStatusBudget-&gt;1000000055</d4p1:Key><d4p1:Value><d3p1:Name>00130329-0000-0130-c000-000000131346:ows_GtStatusBudget-&gt;1000000055</d3p1:Name><d3p1:CrawledPropertyName>ows_GtStatusBudget</d3p1:CrawledPropertyName><d3p1:CrawledPropset>00130329-0000-0130-c000-000000131346</d3p1:CrawledPropset><d3p1:ManagedPid>1000000055</d3p1:ManagedPid><d3p1:MappingOrder>100</d3p1:MappingOrder><d3p1:SchemaId>1419</d3p1:SchemaId></d4p1:Value></d4p1:KeyValueOfstringMappingInfoy6h3NzC8><d4p1:KeyValueOfstringMappingInfoy6h3NzC8><d4p1:Key>00130329-0000-0130-c000-000000131346:ows_GtStatusRisk-&gt;1000000056</d4p1:Key><d4p1:Value><d3p1:Name>00130329-0000-0130-c000-000000131346:ows_GtStatusRisk-&gt;1000000056</d3p1:Name><d3p1:CrawledPropertyName>ows_GtStatusRisk</d3p1:CrawledPropertyName><d3p1:CrawledPropset>00130329-0000-0130-c000-000000131346</d3p1:CrawledPropset><d3p1:ManagedPid>1000000056</d3p1:ManagedPid><d3p1:MappingOrder>100</d3p1:MappingOrder><d3p1:SchemaId>1419</d3p1:SchemaId></d4p1:Value></d4p1:KeyValueOfstringMappingInfoy6h3NzC8><d4p1:KeyValueOfstringMappingInfoy6h3NzC8><d4p1:Key>00130329-0000-0130-c000-000000131346:ows_GtStatusTime-&gt;1000000057</d4p1:Key><d4p1:Value><d3p1:Name>00130329-0000-0130-c000-000000131346:ows_GtStatusTime-&gt;1000000057</d3p1:Name><d3p1:CrawledPropertyName>ows_GtStatusTime</d3p1:CrawledPropertyName><d3p1:CrawledPropset>00130329-0000-0130-c000-000000131346</d3p1:CrawledPropset><d3p1:ManagedPid>1000000057</d3p1:ManagedPid><d3p1:MappingOrder>100</d3p1:MappingOrder><d3p1:SchemaId>1419</d3p1:SchemaId></d4p1:Value></d4p1:KeyValueOfstringMappingInfoy6h3NzC8><d4p1:KeyValueOfstringMappingInfoy6h3NzC8><d4p1:Key>00130329-0000-0130-c000-000000131346:ows_GtGainLookup_ID-&gt;1000000058</d4p1:Key><d4p1:Value><d3p1:Name>00130329-0000-0130-c000-000000131346:ows_GtGainLookup_ID-&gt;1000000058</d3p1:Name><d3p1:CrawledPropertyName>ows_GtGainLookup_ID</d3p1:CrawledPropertyName><d3p1:CrawledPropset>00130329-0000-0130-c000-000000131346</d3p1:CrawledPropset><d3p1:ManagedPid>1000000058</d3p1:ManagedPid><d3p1:MappingOrder>100</d3p1:MappingOrder><d3p1:SchemaId>1419</d3p1:SchemaId></d4p1:Value></d4p1:KeyValueOfstringMappingInfoy6h3NzC8></d3p1:dictionary></Mappings><Overrides xmlns:d3p1="http://schemas.datacontract.org/2004/07/Microsoft.Office.Server.Search.Administration"><d3p1:LastItemName>1000000058</d3p1:LastItemName><d3p1:dictionary xmlns:d4p1="http://schemas.microsoft.com/2003/10/Serialization/Arrays"><d4p1:KeyValueOfstringOverrideInfoy6h3NzC8><d4p1:Key>1000000050</d4p1:Key><d4p1:Value><d3p1:Name>1000000050</d3p1:Name><d3p1:AliasesOverridden>true</d3p1:AliasesOverridden><d3p1:EntityExtractorBitMap>0</d3p1:EntityExtractorBitMap><d3p1:ExtraProperties i:nil="true" /><d3p1:ManagedPid>1000000050</d3p1:ManagedPid><d3p1:MappingsOverridden>true</d3p1:MappingsOverridden><d3p1:SchemaId>1419</d3p1:SchemaId><d3p1:TokenNormalization>true</d3p1:TokenNormalization></d4p1:Value></d4p1:KeyValueOfstringOverrideInfoy6h3NzC8><d4p1:KeyValueOfstringOverrideInfoy6h3NzC8><d4p1:Key>1000000051</d4p1:Key><d4p1:Value><d3p1:Name>1000000051</d3p1:Name><d3p1:AliasesOverridden>true</d3p1:AliasesOverridden><d3p1:EntityExtractorBitMap>0</d3p1:EntityExtractorBitMap><d3p1:ExtraProperties i:nil="true" /><d3p1:ManagedPid>1000000051</d3p1:ManagedPid><d3p1:MappingsOverridden>true</d3p1:MappingsOverridden><d3p1:SchemaId>1419</d3p1:SchemaId><d3p1:TokenNormalization>true</d3p1:TokenNormalization></d4p1:Value></d4p1:KeyValueOfstringOverrideInfoy6h3NzC8><d4p1:KeyValueOfstringOverrideInfoy6h3NzC8><d4p1:Key>1000000052</d4p1:Key><d4p1:Value><d3p1:Name>1000000052</d3p1:Name><d3p1:AliasesOverridden>true</d3p1:AliasesOverridden><d3p1:EntityExtractorBitMap>0</d3p1:EntityExtractorBitMap><d3p1:ExtraProperties i:nil="true" /><d3p1:ManagedPid>1000000052</d3p1:ManagedPid><d3p1:MappingsOverridden>true</d3p1:MappingsOverridden><d3p1:SchemaId>1419</d3p1:SchemaId><d3p1:TokenNormalization>true</d3p1:TokenNormalization></d4p1:Value></d4p1:KeyValueOfstringOverrideInfoy6h3NzC8><d4p1:KeyValueOfstringOverrideInfoy6h3NzC8><d4p1:Key>1000000053</d4p1:Key><d4p1:Value><d3p1:Name>1000000053</d3p1:Name><d3p1:AliasesOverridden>true</d3p1:AliasesOverridden><d3p1:EntityExtractorBitMap>0</d3p1:EntityExtractorBitMap><d3p1:ExtraProperties i:nil="true" /><d3p1:ManagedPid>1000000053</d3p1:ManagedPid><d3p1:MappingsOverridden>true</d3p1:MappingsOverridden><d3p1:SchemaId>1419</d3p1:SchemaId><d3p1:TokenNormalization>true</d3p1:TokenNormalization></d4p1:Value></d4p1:KeyValueOfstringOverrideInfoy6h3NzC8><d4p1:KeyValueOfstringOverrideInfoy6h3NzC8><d4p1:Key>1000000054</d4p1:Key><d4p1:Value><d3p1:Name>1000000054</d3p1:Name><d3p1:AliasesOverridden>true</d3p1:AliasesOverridden><d3p1:EntityExtractorBitMap>0</d3p1:EntityExtractorBitMap><d3p1:ExtraProperties i:nil="true" /><d3p1:ManagedPid>1000000054</d3p1:ManagedPid><d3p1:MappingsOverridden>true</d3p1:MappingsOverridden><d3p1:SchemaId>1419</d3p1:SchemaId><d3p1:TokenNormalization>true</d3p1:TokenNormalization></d4p1:Value></d4p1:KeyValueOfstringOverrideInfoy6h3NzC8><d4p1:KeyValueOfstringOverrideInfoy6h3NzC8><d4p1:Key>1000000055</d4p1:Key><d4p1:Value><d3p1:Name>1000000055</d3p1:Name><d3p1:AliasesOverridden>true</d3p1:AliasesOverridden><d3p1:EntityExtractorBitMap>0</d3p1:EntityExtractorBitMap><d3p1:ExtraProperties i:nil="true" /><d3p1:ManagedPid>1000000055</d3p1:ManagedPid><d3p1:MappingsOverridden>true</d3p1:MappingsOverridden><d3p1:SchemaId>1419</d3p1:SchemaId><d3p1:TokenNormalization>true</d3p1:TokenNormalization></d4p1:Value></d4p1:KeyValueOfstringOverrideInfoy6h3NzC8><d4p1:KeyValueOfstringOverrideInfoy6h3NzC8><d4p1:Key>1000000056</d4p1:Key><d4p1:Value><d3p1:Name>1000000056</d3p1:Name><d3p1:AliasesOverridden>true</d3p1:AliasesOverridden><d3p1:EntityExtractorBitMap>0</d3p1:EntityExtractorBitMap><d3p1:ExtraProperties i:nil="true" /><d3p1:ManagedPid>1000000056</d3p1:ManagedPid><d3p1:MappingsOverridden>true</d3p1:MappingsOverridden><d3p1:SchemaId>1419</d3p1:SchemaId><d3p1:TokenNormalization>true</d3p1:TokenNormalization></d4p1:Value></d4p1:KeyValueOfstringOverrideInfoy6h3NzC8><d4p1:KeyValueOfstringOverrideInfoy6h3NzC8><d4p1:Key>1000000057</d4p1:Key><d4p1:Value><d3p1:Name>1000000057</d3p1:Name><d3p1:AliasesOverridden>true</d3p1:AliasesOverridden><d3p1:EntityExtractorBitMap>0</d3p1:EntityExtractorBitMap><d3p1:ExtraProperties i:nil="true" /><d3p1:ManagedPid>1000000057</d3p1:ManagedPid><d3p1:MappingsOverridden>true</d3p1:MappingsOverridden><d3p1:SchemaId>1419</d3p1:SchemaId><d3p1:TokenNormalization>true</d3p1:TokenNormalization></d4p1:Value></d4p1:KeyValueOfstringOverrideInfoy6h3NzC8><d4p1:KeyValueOfstringOverrideInfoy6h3NzC8><d4p1:Key>1000000058</d4p1:Key><d4p1:Value><d3p1:Name>1000000058</d3p1:Name><d3p1:AliasesOverridden>false</d3p1:AliasesOverridden><d3p1:EntityExtractorBitMap>0</d3p1:EntityExtractorBitMap><d3p1:ExtraProperties i:nil="true" /><d3p1:ManagedPid>1000000058</d3p1:ManagedPid><d3p1:MappingsOverridden>true</d3p1:MappingsOverridden><d3p1:SchemaId>1419</d3p1:SchemaId><d3p1:TokenNormalization>true</d3p1:TokenNormalization></d4p1:Value></d4p1:KeyValueOfstringOverrideInfoy6h3NzC8></d3p1:dictionary></Overrides></SearchSchemaConfigurationSettings><SearchSubscriptionSettingsConfigurationSettings i:nil="true" /></SearchConfigurationSettings>